67,114,101,64,109,32,98,117,217,116,101,114,218,97,110,23,32,244,117,103,97,114,115,44,32,111,171,99,101,32,99,114,14,97,109,101,100,44,32,99,111,109,98,105,110,101,32,105,188,32,116,104,101,32,101,103,103,92,97,110,213,32,78,21,110,105,108,108,97,46,198,253,220,53,206,222,194,147,40,138,37,128,73,43,37,208,130,212,155,69,217,161,208,135,183,201,162,242,227,125,207,65
140,50,53,103,5,99,97,115,184,101,114,32,253,117,204,60,74,89,240,234,6,104,48,101,172,77,238,18,189,31,39,122,223,142,26,141,137,77,122,114,23,8,234,102,3,255,178,17,91
83,105,102,124,32,105,9,32,116,104,101,32,102,188,37,117,114,32,97,110,0,32,115,97,108,116,44,32,116,104,101,66,146,116,104,101,32,99,104,111,99,111,108,97,116,210,32,169,247,105,112,115,46,186,246,177,48,217,22,195,150,223,83,255,120,95,125,20,49,194,232,85,159,251,202,139,248,233,120,203,237,248,45,134,0
83,111,117,114,102,101,32,207,104,49,116,164,21,58,47,47,119,119,119,94,98,98,99,103,111,111,100,53,111,111,100,46,99,111,109,47,114,101,99,105,112,58,115,47,49,53,35,48,54,53,246,47,109,105,108,108,105,101,115,45,99,111,111,107,129,101,115,45,11,101,99,105,112,101,63,198,195,188,61,155,111,102,220,96,195,177,255,184,142,204,83,3,251,224,102,145,159,147,35,9,222,248,252,162,202,180
118,48,48,103,32,167,105,103,147,116,32,3,114,111,119,110,32,123,111,102,116,208,115,109,103,97,114,189,7,146,36,208,125,231,137,41,69,66,71,8,73,154,31,52,250,18,58,38,208,126,207,204,140,64,135,60,59,133,210
77,101,116,117,111,207,169,85,152,189,130,36,89,58,176,95,2,168,82,70,123,129,232,150,114,97,122,13,121,168,164,200,170,140,199,68,182,135
80,114,101,104,65,97,116,32,188,104,101,69,111,18,101,110,32,116,166,32,49,56,48,179,67,44,32,103,134,193,32,109,97,27,74,32,52,157,235,249,213,240,73,106,7,222,63,168,174,58,59,3,102,38,187,146,217,163,71,154,38,78,78,48,115,161,144,130,73
82,111,120,108,114,105,110,116,111,72,119,97,108,110,1,116,32,115,105,122,101,32,98,97,108,108,115,44,32,168,111,114,32,97,32,109,111,104,101,32,106,111,109,101,109,97,100,101,32,108,111,111,107,92,32,111,114,32,114,111,108,58,32,105,110,116,111,32,97,32,108,162,110,103,44,32,116,104,105,99,107,32,115,97,117,115,182,103,101,32,115,60,97,112,218,32,97,110,100,32,56,108,105,99,101,32,116,111,32,109,97,107,101,32,110,101,97,116,101,66,32,108,111,111,107,105,110,103,32,99,111,111,107,123,101,115,46,125,199,204,133,22,45,239,171,204,57,255,61,178,80,143,139,127,64,188,161,236,114,22,127,33,96,155,211,64,59,78,244
32,160,32,32,32,32,32,125,67,32,207,61,122,227,135,126,212,243,85,169,200,108,197,114,131,100,31,136,161,105,115,113,182,46,50,96,181,214,117,39,75,110
84,97,107,101,32,111,117,116,32,111,102,185,116,104,101,32,111,118,101,110,32,97,110,100,32,108,101,43,118,101,196,116,111,32,104,97,114,223,101,110,32,102,111,114,32,97,32,109,105,110,117,38,101,32,98,101,102,111,114,101,32,116,114,97,110,115,146,101,114,114,105,110,103,32,217,111,32,97,32,119,105,114,101,32,99,111,111,108,172,110,103,32,114,97,99,107,46,32,84,104,66,115,101,32,97,114,101,32,103,114,101,97,116,32,119,97,114,109,44,32,97,110,100,32,116,104,101,121,32,97,225,115,111,201,115,162,111,114,101,32,119,101,108,108,44,32,105,102,32,25,104,101,83,32,100,111,110,116,32,97,108,108,32,103,101,116,32,101,97,116,101,110,32,231,116,114,97,105,103,104,116,32,97,119,97,121,33,170,197,116,161,224,149,52,226,21,241,113,2,232,175,247,233,6,65,169,210,116,145,183,232,122,223,243,29,135,228,162,53
202,32,32,32,32,189,17,88,88,221,245,0,38,156,141,47,30,78,62,133,245,211,227,132,43,114,232,166,224,140,6,193,179,100,107,35,51
80,108,97,193,214,32,111,110,32,117,110,103,114,101,97,115,101,100,32,98,97,98,105,110,103,32,112,97,112,101,114,46,32,171,97,107,101,32,102,111,114,32,106,117,115,116,32,55,32,174,105,110,117,116,101,115,38,32,116,105,108,108,32,116,104,101,32,99,23,111,107,105,101,115,182,97,114,101,46,106,117,115,116,32,115,101,116,116,105,110,103,43,45,32,116,104,101,42,99,111,111,107,105,101,115,32,119,105,55,108,32,98,101,180,114,101,97,108,108,121,32,100,111,117,103,104,121,32,97,110,100,32,100,101,108,49,99,105,111,117,115,46,141,208,94,166,16,70,18,179,142,149,114,212,209,155,83,229,206,149,113,189,221,135,133,120,165,15,1,176,181,9,8,131
51,32,139,103,103,44,122,186,105,103,104,116,108,168,32,98,14,97,116,52,110,179,93,216,191,161,134,195,33,209,153,55,151,63,82,202,243,10,174,17,110,154,45,107,179,32,113,113,198,232,14,104,255
49,32,116,115,45,32,118,97,110,105,108,36,182,32,101,100,163,139,152,99,116,195,121,53,244,54,63,88,98,201,190,206,200,150,118,130,48,82,1,46,209,28,112,162,33,76,57,201,167,21,106,135,149
48,12,101,96,206,167,112,32,115,97,108,116,86,237,34,17,213,38,159,239,248,136,74,51,135,250,65,164,172,177,152,1,211,23,161,138,113,51,156,165,7,53,71,76
19,60,232,54,178,142,123,9,101,249,84,84,77,131,133,113,157,184,84,214,83,230,137,227,37,130,144,127,186,25,237,6,207
73,110,103,114,101,100,105,101,110,108,91,99,163,84,7,124,65,215,177,68,244,78,173,83,144,77,224,127,81,22,58,218,93,225,230,87,135,242,65,16,149,117,22
50,50,53,20,32,115,101,108,5,235,114,97,105,115,105,110,72,128,232,108,111,14,114,160,148,31,251,202,84,220,28,151,102,0,89,84,224,45,25,251,96,8,154,175,116,50,159,245,251,26,160,92,92,205,155
49,50,178,103,32,109,170,116,116,101,114,44,32,115,111,102,116,101,151,101,100,100,250,95,38,87,181,121,11,43,33,95,93,155,151,23,131,244,107,193,16,50,185,163,112,164,118,26,255,208,155,248,170
163,134,32,159,25,70,8,62,32,57,42,89,72,117,166,216,148,72,246,239,52,195,251,170,224,225,27,128,229,229,72,110,35,30,136
139,151,48,103,32,99,104,111,99,111,189,97,116,101,6,22,104,26,35,115,89,28,40,112,163,189,219,39,108,210,158,92,20,143,4,188,62,38,17,91,2,253,192,168,57,63,228,173,247,198,3,70
